,id,time,geometry,Engine Load.value,Engine Load.unit,CO2.value,CO2.unit,Intake Pressure.value,Intake Pressure.unit,GPS VDOP.value,GPS VDOP.unit,GPS Speed.value,GPS Speed.unit,Intake Temperature.value,Intake Temperature.unit,Consumption.value,Consumption.unit,Rpm.value,Rpm.unit,GPS HDOP.value,GPS HDOP.unit,GPS PDOP.value,GPS PDOP.unit,GPS Bearing.value,GPS Bearing.unit,Calculated MAF.value,Calculated MAF.unit,GPS Accuracy.value,GPS Accuracy.unit,Speed.value,Speed.unit,Throttle Position.value,Throttle Position.unit,GPS Altitude.value,GPS Altitude.unit,track.id,track.length,track.begin,track.end,sensor.type,sensor.engineDisplacement,sensor.model,sensor.id,sensor.fuelType,sensor.constructionYear,sensor.manufacturer,track.appVersion,track.touVersion,O2 Lambda Voltage ER.value,O2 Lambda Voltage ER.unit,MAF.value,MAF.unit,O2 Lambda Voltage.value,O2 Lambda Voltage.unit,st_nodes,end_nodes,max_speed
133,5e42ccb63965f3689459b8f9,2020-02-03T17:23:04,POINT (7.601057994636752 51.94497494499429),60.69355933141469,%,12.532860344932155,kg/h,57.80846321582794,kPa,1.3439223706722259,precision,45.28837139923223,km/h,9.000000201165676,c,5.333132061673258,l/h,1605.3185840249062,u/min,0.9560776293277741,precision,1.6,precision,25.25371902809684,deg,16.223832159281855,g/s,2.999999910593033,%,46.221106216311455,km/h,18.000000469386578,%,109.99162413586706,m,5e42ccb63965f3689459b871,9.308336270978382,2020-02-03T17:11:48Z,2020-02-03T17:29:25Z,car,1999,Fusion SEL Ecoboost,5de3dba044ea85025c07072e,gasoline,2019,Ford,"Version 1.0.2 (38), 30.11.79 00:00",2013-10-01,,,,,,,6430014056,34924749,50
134,5e42ccb63965f3689459b8fa,2020-02-03T17:23:09,POINT (7.601532784823066 51.94552838110832),40.93411601343303,%,10.056936453367902,kg/h,40.44961363077164,kPa,1.91796875,precision,52.226194789453075,km/h,9.0,c,4.279547426965064,l/h,1840.9999862834811,u/min,1.11923828125,precision,2.21796875,precision,30.941130488639715,deg,13.018739901779973,g/s,3.0,%,52.999998815357685,km/h,16.395778357982635,%,110.07318333813822,m,5e42ccb63965f3689459b871,9.308336270978382,2020-02-03T17:11:48Z,2020-02-03T17:29:25Z,car,1999,Fusion SEL Ecoboost,5de3dba044ea85025c07072e,gasoline,2019,Ford,"Version 1.0.2 (38), 30.11.79 00:00",2013-10-01,,,,,,,34924749,34924777,50
135,5e42ccb63965f3689459b8fb,2020-02-03T17:23:14,POINT (7.602096892727208 51.94608124562291),30.783809643502224,%,7.252607810751188,kg/h,30.000000447034836,kPa,1.7,precision,51.23649329088812,km/h,9.0,c,3.0862160896813564,l/h,1790.0921542569995,u/min,1.0,precision,1.9,precision,31.626054087038142,deg,9.388526529484825,g/s,3.0,%,51.999998450279236,km/h,15.392953932285309,%,109.69898013334335,m,5e42ccb63965f3689459b871,9.308336270978382,2020-02-03T17:11:48Z,2020-02-03T17:29:25Z,car,1999,Fusion SEL Ecoboost,5de3dba044ea85025c07072e,gasoline,2019,Ford,"Version 1.0.2 (38), 30.11.79 00:00",2013-10-01,,,,,,,34924777,461970318,50
136,5e42ccb63965f3689459b8fc,2020-02-03T17:23:19,POINT (7.602564980565499 51.94666702340365),29.59010114638636,%,7.095521859501299,kg/h,28.99999913573265,kPa,1.8366870462894438,precision,51.929285551302314,km/h,8.99999986588955,c,3.019371004043106,l/h,1811.710553318262,u/min,1.0726626336574556,precision,2.1366870552301407,precision,21.705033300531,deg,9.185178208549464,g/s,2.0000000596046448,%,53.00000078976154,km/h,15.0,%,109.68730733925051,m,5e42ccb63965f3689459b871,9.308336270978382,2020-02-03T17:11:48Z,2020-02-03T17:29:25Z,car,1999,Fusion SEL Ecoboost,5de3dba044ea85025c07072e,gasoline,2019,Ford,"Version 1.0.2 (38), 30.11.79 00:00",2013-10-01,,,,,,,461970318,34924784,50
137,5e42ccb63965f3689459b8fd,2020-02-03T17:23:24,POINT (7.602900041979403 51.94731436517897),27.168067040563614,%,6.9399903697300305,kg/h,26.727273121476173,kPa,1.363545775413513,precision,55.09502055791927,km/h,9.0,c,2.953187391374481,l/h,1922.6785140931606,u/min,0.8817728817462922,precision,1.5817728608846666,precision,17.91760663909008,deg,8.983842143510453,g/s,2.3968095779418945,%,56.000001668930054,km/h,15.763722911477089,%,109.24385765206021,m,5e42ccb63965f3689459b871,9.308336270978382,2020-02-03T17:11:48Z,2020-02-03T17:29:25Z,car,1999,Fusion SEL Ecoboost,5de3dba044ea85025c07072e,gasoline,2019,Ford,"Version 1.0.2 (38), 30.11.79 00:00",2013-10-01,,,,,,,34924784,6430014035,50
138,5e42ccb63965f3689459b8fe,2020-02-03T17:23:29,POINT (7.603364394063977 51.94794367887403),34.72555072435898,%,8.082442412228376,kg/h,31.664671540260315,kPa,1.2251727908849717,precision,54.31702081342061,km/h,8.999999731779099,c,3.439337196692926,l/h,1890.0360507890582,u/min,0.8335636973381043,precision,1.4419546335935591,precision,31.067521640790275,deg,10.462750363772937,g/s,4.000000029802322,%,55.000000819563866,km/h,17.67543852329254,%,109.56927618388644,m,5e42ccb63965f3689459b871,9.308336270978382,2020-02-03T17:11:48Z,2020-02-03T17:29:25Z,car,1999,Fusion SEL Ecoboost,5de3dba044ea85025c07072e,gasoline,2019,Ford,"Version 1.0.2 (38), 30.11.79 00:00",2013-10-01,,,,,,,6430014035,34924785,50
139,5e42ccb63965f3689459b8ff,2020-02-03T17:23:34,POINT (7.604063252859018 51.9484543979432),22.619086448557425,%,5.235873316422841,kg/h,22.36956524848938,kPa,4.192600283771754,precision,50.67296795248393,km/h,9.999999720603228,c,2.2280311984778045,l/h,1739.2842102050781,u/min,1.6978417582809924,precision,4.4922919645905495,precision,47.359407703163384,deg,6.777856575036021,g/s,3.982248617336154,%,51.0,km/h,14.000000104308128,%,109.172062809753,m,5e42ccb63965f3689459b871,9.308336270978382,2020-02-03T17:11:48Z,2020-02-03T17:29:25Z,car,1999,Fusion SEL Ecoboost,5de3dba044ea85025c07072e,gasoline,2019,Ford,"Version 1.0.2 (38), 30.11.79 00:00",2013-10-01,,,,,,,34924785,6430014055,50
140,5e42ccb63965f3689459b900,2020-02-03T17:23:39,POINT (7.604851437009421 51.94883231434704),28.627450289789078,%,3.4670509058720653,kg/h,27.685637265443802,kPa,2.0906126499176025,precision,47.34771154807456,km/h,9.315403699874878,c,1.4753408110093895,l/h,928.3107064068317,u/min,1.0635375499725341,precision,2.3784584999084473,precision,53.3695900839044,deg,4.488109692158147,g/s,2.9999999329447746,%,47.504178285598755,km/h,13.000000387430191,%,109.26378246543361,m,5e42ccb63965f3689459b871,9.308336270978382,2020-02-03T17:11:48Z,2020-02-03T17:29:25Z,car,1999,Fusion SEL Ecoboost,5de3dba044ea85025c07072e,gasoline,2019,Ford,"Version 1.0.2 (38), 30.11.79 00:00",2013-10-01,,,,,,,6430014055,34924786,50
141,5e42ccb63965f3689459b901,2020-02-03T17:23:44,POINT (7.605537336193051 51.94913977979754),31.372548122032015,%,3.1742344873770376,kg/h,31.0,kPa,1.0999999836087229,precision,31.738474385866198,km/h,10.0,c,1.3507380797349096,l/h,760.8801956176758,u/min,0.899999986588955,precision,1.4231755211949348,precision,55.54224382029105,deg,4.109057800060239,g/s,2.208577021956444,%,28.31924968957901,km/h,13.0,%,109.69209893429047,m,5e42ccb63965f3689459b871,9.308336270978382,2020-02-03T17:11:48Z,2020-02-03T17:29:25Z,car,1999,Fusion SEL Ecoboost,5de3dba044ea85025c07072e,gasoline,2019,Ford,"Version 1.0.2 (38), 30.11.79 00:00",2013-10-01,,,,,,,34924786,6430014050,50
142,5e42ccb63965f3689459b902,2020-02-03T17:23:50,POINT (7.605749925214377 51.94922624573654),31.673201977349578,%,3.1709219407567115,kg/h,31.000000461935997,kPa,2.025121718645096,precision,4.140233888416333,km/h,11.0,c,1.3493284854283878,l/h,762.7705439329147,u/min,1.0977604687213898,precision,2.2592015624046327,precision,55.5062358747673,deg,4.104769696713608,g/s,3.0,%,2.999999910593033,km/h,12.999999612569809,%,109.6759702618723,m,5e42ccb63965f3689459b871,9.308336270978382,2020-02-03T17:11:48Z,2020-02-03T17:29:25Z,car,1999,Fusion SEL Ecoboost,5de3dba044ea85025c07072e,gasoline,2019,Ford,"Version 1.0.2 (38), 30.11.79 00:00",2013-10-01,,,,,,,6430014050,6342462458,50
143,5e42ccb63965f3689459b903,2020-02-03T17:23:55,POINT (7.605936140107922 51.94930194429372),66.89603843298846,%,14.405007852186497,kg/h,71.62907160818577,kPa,1.5190009832382203,precision,20.456292717927,km/h,9.718204498291016,c,6.129790575398509,l/h,1492.8999834433198,u/min,1.0642507374286652,precision,1.8737512290477754,precision,56.100321165887635,deg,18.647333746243547,g/s,3.0,%,20.866336941719055,km/h,19.87373796105385,%,109.71095344661867,m,5e42ccb63965f3689459b871,9.308336270978382,2020-02-03T17:11:48Z,2020-02-03T17:29:25Z,car,1999,Fusion SEL Ecoboost,5de3dba044ea85025c07072e,gasoline,2019,Ford,"Version 1.0.2 (38), 30.11.79 00:00",2013-10-01,,,,,,,6342462458,6430014059,50
144,5e42ccb63965f3689459b904,2020-02-03T17:24:00,POINT (7.606285289215467 51.94948310329912),51.862745129747054,%,11.26046052236476,kg/h,51.84816598892212,kPa,1.4413373470306396,precision,22.986718109644812,km/h,9.999999701976776,c,4.791685328665855,l/h,1613.8446296416223,u/min,1.0413373589515686,precision,1.7413373380899428,precision,22.81461096157807,deg,14.576706076912252,g/s,3.0,%,22.81481447815895,km/h,17.078590273857117,%,110.42758435887909,m,5e42ccb63965f3689459b871,9.308336270978382,2020-02-03T17:11:48Z,2020-02-03T17:29:25Z,car,1999,Fusion SEL Ecoboost,5de3dba044ea85025c07072e,gasoline,2019,Ford,"Version 1.0.2 (38), 30.11.79 00:00",2013-10-01,,,,,,,6430014059,34924787,50
145,5e42ccb63965f3689459b905,2020-02-03T17:24:05,POINT (7.606088444987175 51.94980878933633),39.3050392962798,%,6.442675925303332,kg/h,37.19799543172121,kPa,1.1399399399757386,precision,36.00134575437414,km/h,8.432801574468613,c,2.7415642235333326,l/h,1279.8977556228638,u/min,0.9,precision,1.4399399399757384,precision,320.5273449935521,deg,8.340066831673692,g/s,2.415338635444641,%,36.40350878238678,km/h,21.277778029441833,%,110.24962503215724,m,5e42ccb63965f3689459b871,9.308336270978382,2020-02-03T17:11:48Z,2020-02-03T17:29:25Z,car,1999,Fusion SEL Ecoboost,5de3dba044ea85025c07072e,gasoline,2019,Ford,"Version 1.0.2 (38), 30.11.79 00:00",2013-10-01,,,,,,,34924787,6342462457,50
146,5e42ccb63965f3689459b906,2020-02-03T17:24:10,POINT (7.605542565869463 51.95022015674844),26.806193716973297,%,5.7017379614811325,kg/h,26.036010295152664,kPa,1.462589192390442,precision,46.214795888429194,km/h,7.9999998807907104,c,2.4262714729706945,l/h,1615.821228981018,u/min,1.0,precision,1.7969418942928312,precision,321.2341938814343,deg,7.380920010066266,g/s,2.999999910593033,%,47.0,km/h,14.00000036507845,%,110.85581367515701,m,5e42ccb63965f3689459b871,9.308336270978382,2020-02-03T17:11:48Z,2020-02-03T17:29:25Z,car,1999,Fusion SEL Ecoboost,5de3dba044ea85025c07072e,gasoline,2019,Ford,"Version 1.0.2 (38), 30.11.79 00:00",2013-10-01,,,,,,,6342462457,34924788,50
147,5e42ccb63965f3689459b907,2020-02-03T17:24:15,POINT (7.604950230605318 51.95067500453247),24.501100764002757,%,5.0342123893412545,kg/h,23.447761178016663,kPa,1.199999964237213,precision,45.93543549878166,km/h,8.99999986588955,c,2.142218038017555,l/h,1589.7638192176819,u/min,0.9260611772537232,precision,1.4999999552965164,precision,321.13692415664445,deg,6.516805789819237,g/s,3.000000089406967,%,47.0,km/h,14.999999552965164,%,110.2803587071354,m,5e42ccb63965f3689459b871,9.308336270978382,2020-02-03T17:11:48Z,2020-02-03T17:29:25Z,car,1999,Fusion SEL Ecoboost,5de3dba044ea85025c07072e,gasoline,2019,Ford,"Version 1.0.2 (38), 30.11.79 00:00",2013-10-01,,,,,,,34924788,6342462460,50
148,5e42ccb63965f3689459b908,2020-02-03T17:24:20,POINT (7.604364836829564 51.95114844630615),24.07952065457448,%,5.265162134861478,kg/h,23.229109823703766,kPa,1.2843592524528504,precision,48.45519217334896,km/h,9.000000268220901,c,2.240494525472969,l/h,1678.346547178924,u/min,0.9156407803297043,precision,1.600000023841858,precision,326.6921304333996,deg,6.815771054365896,g/s,1.9999999701976776,%,49.00000036507845,km/h,14.0,%,109.9623592784438,m,5e42ccb63965f3689459b871,9.308336270978382,2020-02-03T17:11:48Z,2020-02-03T17:29:25Z,car,1999,Fusion SEL Ecoboost,5de3dba044ea85025c07072e,gasoline,2019,Ford,"Version 1.0.2 (38), 30.11.79 00:00",2013-10-01,,,,,,,6342462460,34924789,50
149,5e42ccb63965f3689459b909,2020-02-03T17:24:25,POINT (7.603908486534154 51.95170535956259),34.616512984709175,%,7.930283611522346,kg/h,33.16363537311554,kPa,1.1999999776482582,precision,50.56387030635452,km/h,8.999999932944775,c,3.3745887708605724,l/h,1770.6349999904633,u/min,0.8938631623983384,precision,1.3999999739229678,precision,337.6971646845127,deg,10.265780256688764,g/s,3.0000000670552254,%,51.942992486059666,km/h,16.0,%,110.52852613618006,m,5e42ccb63965f3689459b871,9.308336270978382,2020-02-03T17:11:48Z,2020-02-03T17:29:25Z,car,1999,Fusion SEL Ecoboost,5de3dba044ea85025c07072e,gasoline,2019,Ford,"Version 1.0.2 (38), 30.11.79 00:00",2013-10-01,,,,,,,34924789,34924790,50
150,5e42ccb63965f3689459b90a,2020-02-03T17:24:30,POINT (7.603610602885801 51.95230612683978),25.544395205128183,%,5.470157752187384,kg/h,24.58823600411415,kPa,1.2986193366348744,precision,48.28268952757468,km/h,8.999999798834324,c,2.327726703058461,l/h,1647.3084823042154,u/min,0.900000005029142,precision,1.598619338311255,precision,344.76537762495246,deg,7.081138607929093,g/s,3.0000000838190317,%,47.999998927116394,km/h,16.088311195373535,%,111.30436317217435,m,5e42ccb63965f3689459b871,9.308336270978382,2020-02-03T17:11:48Z,2020-02-03T17:29:25Z,car,1999,Fusion SEL Ecoboost,5de3dba044ea85025c07072e,gasoline,2019,Ford,"Version 1.0.2 (38), 30.11.79 00:00",2013-10-01,,,,,,,34924790,34924791,50
151,5e42ccb63965f3689459b90b,2020-02-03T17:24:35,POINT (7.603366995298014 51.95289372933314),55.068387296631954,%,11.730916603212558,kg/h,51.73228198289871,kPa,1.5094094097614288,precision,47.64374488488721,km/h,9.0,c,4.991879405622365,l/h,1679.0853333473206,u/min,1.0094094097614288,precision,1.8094094097614288,precision,346.4887818582479,deg,15.185713141853704,g/s,2.9150197207927704,%,48.913550674915314,km/h,19.759124100208282,%,111.90108308018826,m,5e42ccb63965f3689459b871,9.308336270978382,2020-02-03T17:11:48Z,2020-02-03T17:29:25Z,car,1999,Fusion SEL Ecoboost,5de3dba044ea85025c07072e,gasoline,2019,Ford,"Version 1.0.2 (38), 30.11.79 00:00",2013-10-01,,,,,,,34924791,1498766523,50
152,5e42ccb63965f3689459b90c,2020-02-03T17:24:40,POINT (7.603124219523799 51.9535028933344),24.06002262000368,%,5.387821630192986,kg/h,23.6171875,kPa,1.615169686079025,precision,49.255543542015346,km/h,9.0,c,2.2926900554012706,l/h,1689.2249559871852,u/min,1.0461078003048896,precision,1.9151696905493736,precision,346.3697732702062,deg,6.974554206035282,g/s,3.146509289741516,%,49.26450115442276,km/h,14.000000417232513,%,112.63764511065085,m,5e42ccb63965f3689459b871,9.308336270978382,2020-02-03T17:11:48Z,2020-02-03T17:29:25Z,car,1999,Fusion SEL Ecoboost,5de3dba044ea85025c07072e,gasoline,2019,Ford,"Version 1.0.2 (38), 30.11.79 00:00",2013-10-01,,,,,,,1498766523,358299060,50
153,5e42ccb63965f3689459b90d,2020-02-03T17:24:45,POINT (7.60293632061297 51.95407489098073),31.562657757611646,%,3.173990383429624,kg/h,30.638636350631714,kPa,1.3,precision,43.21888630919989,km/h,11.00000024586916,c,1.3506342057147336,l/h,772.5137846469879,u/min,0.9000000000000001,precision,1.6,precision,350.8949280846591,deg,4.108741806634695,g/s,1.9999999403953552,%,43.0000009611249,km/h,13.000000387430191,%,113.09713167843385,m,5e42ccb63965f3689459b871,9.308336270978382,2020-02-03T17:11:48Z,2020-02-03T17:29:25Z,car,1999,Fusion SEL Ecoboost,5de3dba044ea85025c07072e,gasoline,2019,Ford,"Version 1.0.2 (38), 30.11.79 00:00",2013-10-01,,,,,,,358299060,7152154272,50
154,5e42ccb63965f3689459b90e,2020-02-03T17:24:51,POINT (7.602857650989836 51.95456559635377),31.17647075653076,%,3.0652280379536143,kg/h,30.0,kPa,1.3,precision,35.05293987087134,km/h,11.000000163912773,c,1.304352356576006,l/h,761.923901706934,u/min,0.9,precision,1.6,precision,356.6578838080295,deg,3.9679485647339248,g/s,3.616302192211151,%,34.95392967015505,km/h,13.000000387430191,%,113.35910729503928,m,5e42ccb63965f3689459b871,9.308336270978382,2020-02-03T17:11:48Z,2020-02-03T17:29:25Z,car,1999,Fusion SEL Ecoboost,5de3dba044ea85025c07072e,gasoline,2019,Ford,"Version 1.0.2 (38), 30.11.79 00:00",2013-10-01,,,,,,,7152154272,7152154274,50
155,5e42ccb63965f3689459b90f,2020-02-03T17:24:56,POINT (7.602848860180807 51.95476898347223),30.631573688452477,%,3.057911633734512,kg/h,30.00000089406967,kPa,1.55015110373497,precision,0.8700702173517527,km/h,11.000000327825546,c,1.3012389930785155,l/h,760.1052404940128,u/min,1.0500503838062287,precision,1.850151112675667,precision,359.07198026561764,deg,3.9584774535276006,g/s,2.999999910593033,%,0.0,km/h,12.999999951571226,%,113.39910334724608,m,5e42ccb63965f3689459b871,9.308336270978382,2020-02-03T17:11:48Z,2020-02-03T17:29:25Z,car,1999,Fusion SEL Ecoboost,5de3dba044ea85025c07072e,gasoline,2019,Ford,"Version 1.0.2 (38), 30.11.79 00:00",2013-10-01,,,,,,,7152154274,7152154273,50
156,5e42ccb63965f3689459b910,2020-02-03T17:25:01,POINT (7.602849086763367 51.95477053184505),36.69411767641702,%,4.155390776554653,kg/h,35.415648967027664,kPa,1.6414370119571686,precision,0.0,km/h,11.000000163912773,c,1.7682513942785756,l/h,874.9570404291153,u/min,1.094291341304779,precision,2.0414370119571688,precision,359.0719909667969,deg,5.379168095678283,g/s,2.9623762369155884,%,0.0,km/h,14.93069303035736,%,113.37957097683002,m,5e42ccb63965f3689459b871,9.308336270978382,2020-02-03T17:11:48Z,2020-02-03T17:29:25Z,car,1999,Fusion SEL Ecoboost,5de3dba044ea85025c07072e,gasoline,2019,Ford,"Version 1.0.2 (38), 30.11.79 00:00",2013-10-01,,,,,,,7152154273,33846185,50
157,5e42ccb63965f3689459b911,2020-02-03T17:25:06,POINT (7.602847867603598 51.95484447942415),50.048888249322715,%,15.934263533177171,kg/h,47.983607947826385,kPa,2.0,precision,15.737290700318027,km/h,9.000000268220901,c,6.780537673692413,l/h,2458.9038839442655,u/min,1.1,precision,2.3,precision,0.34833558806500253,deg,20.62696064817846,g/s,2.5682730078697205,%,19.53674876689911,km/h,17.68981432914734,%,113.48368487295681,m,5e42ccb63965f3689459b871,9.308336270978382,2020-02-03T17:11:48Z,2020-02-03T17:29:25Z,car,1999,Fusion SEL Ecoboost,5de3dba044ea85025c07072e,gasoline,2019,Ford,"Version 1.0.2 (38), 30.11.79 00:00",2013-10-01,,,,,,,33846185,461970347,50
158,5e42ccb63965f3689459b912,2020-02-03T17:25:11,POINT (7.60286313171177 51.95520100481636),53.339575556298314,%,7.400763338408577,kg/h,43.511165112257004,kPa,1.790229308605194,precision,34.55948220737628,km/h,9.676537573337555,c,3.1492609950674795,l/h,1262.462140351534,u/min,1.0634097695350646,precision,2.090229308605194,precision,2.760722554229801,deg,9.580314385411528,g/s,4.0,%,34.146853148937225,km/h,24.7619047164917,%,113.46809128728327,m,5e42ccb63965f3689459b871,9.308336270978382,2020-02-03T17:11:48Z,2020-02-03T17:29:25Z,car,1999,Fusion SEL Ecoboost,5de3dba044ea85025c07072e,gasoline,2019,Ford,"Version 1.0.2 (38), 30.11.79 00:00",2013-10-01,,,,,,,461970347,6428655088,50
159,5e42ccb63965f3689459b913,2020-02-03T17:25:16,POINT (7.602908660144157 51.9556912186023),54.15211333821435,%,10.504903346324886,kg/h,52.62650603055954,kPa,1.6302463054656982,precision,41.97573023194332,km/h,10.000000298023224,c,4.470171636733994,l/h,1483.2914462983608,u/min,0.9604926109313966,precision,1.9302463054656982,precision,4.417795475531847,deg,13.598634633247872,g/s,2.0,%,43.00000064074993,km/h,17.408114552497864,%,114.066665714403,m,5e42ccb63965f3689459b871,9.308336270978382,2020-02-03T17:11:48Z,2020-02-03T17:29:25Z,car,1999,Fusion SEL Ecoboost,5de3dba044ea85025c07072e,gasoline,2019,Ford,"Version 1.0.2 (38), 30.11.79 00:00",2013-10-01,,,,,,,6428655088,401163819,50
160,5e42ccb63965f3689459b914,2020-02-03T17:25:21,POINT (7.602976892975983 51.95626530514606),38.67233538903611,%,8.466435658808185,kg/h,37.55511808395386,kPa,1.6590550914406776,precision,47.38619531670503,km/h,8.999999731779099,c,3.602738578216249,l/h,1669.2982456088066,u/min,1.238582655787468,precision,2.038582643866539,precision,3.506336407457834,deg,10.95983098314868,g/s,2.8000000417232513,%,48.00391460955143,km/h,16.52884614467621,%,114.82551774127609,m,5e42ccb63965f3689459b871,9.308336270978382,2020-02-03T17:11:48Z,2020-02-03T17:29:25Z,car,1999,Fusion SEL Ecoboost,5de3dba044ea85025c07072e,gasoline,2019,Ford,"Version 1.0.2 (38), 30.11.79 00:00",2013-10-01,,,,,,,401163819,33846184,50
161,5e42ccb63965f3689459b915,2020-02-03T17:25:26,POINT (7.602979128773041 51.95689340713682),30.980392456054688,%,7.009604598268018,kg/h,29.99999910593033,kPa,1.3080447778105737,precision,49.83102428280387,km/h,8.99999986588955,c,2.9828104673480924,l/h,1730.1140607893467,u/min,0.8919551730155945,precision,1.5999999642372131,precision,357.8670742442366,deg,9.073958009211841,g/s,2.914609119296074,%,51.0000010211952,km/h,16.000000476837158,%,115.21970155174014,m,5e42ccb63965f3689459b871,9.308336270978382,2020-02-03T17:11:48Z,2020-02-03T17:29:25Z,car,1999,Fusion SEL Ecoboost,5de3dba044ea85025c07072e,gasoline,2019,Ford,"Version 1.0.2 (38), 30.11.79 00:00",2013-10-01,,,,,,,401163819,33846184,50
162,5e42ccb63965f3689459b916,2020-02-03T17:25:31,POINT (7.602917032908413 51.95751324521013),28.685654232027787,%,3.222135878476224,kg/h,28.00000062584877,kPa,1.2999999822932298,precision,47.81509216102497,km/h,10.0,c,1.3711216504154145,l/h,855.1154989004135,u/min,0.9002055375953205,precision,1.6001027531339787,precision,356.022933743869,deg,4.171066320701224,g/s,3.0000000027939677,%,48.000001430511475,km/h,13.000000387430191,%,115.2188794651737,m,5e42ccb63965f3689459b871,9.308336270978382,2020-02-03T17:11:48Z,2020-02-03T17:29:25Z,car,1999,Fusion SEL Ecoboost,5de3dba044ea85025c07072e,gasoline,2019,Ford,"Version 1.0.2 (38), 30.11.79 00:00",2013-10-01,,,,,,,33846184,401163775,50
163,5e42ccb63965f3689459b917,2020-02-03T17:25:36,POINT (7.602847186613463 51.95808976697941),30.958313472845106,%,3.126751565820957,kg/h,30.000000670552254,kPa,1.5641076892614365,precision,43.990850763112235,km/h,11.0,c,1.3305325812004072,l/h,777.21679058671,u/min,1.2730807676911355,precision,2.0551346123218535,precision,356.0779659084303,deg,4.047590989726738,g/s,4.000000089406967,%,44.40285846590996,km/h,13.000000193715096,%,115.1912225038862,m,5e42ccb63965f3689459b871,9.308336270978382,2020-02-03T17:11:48Z,2020-02-03T17:29:25Z,car,1999,Fusion SEL Ecoboost,5de3dba044ea85025c07072e,gasoline,2019,Ford,"Version 1.0.2 (38), 30.11.79 00:00",2013-10-01,,,,,,,401163775,6236877365,50
164,5e42ccb63965f3689459b918,2020-02-03T17:25:41,POINT (7.602784031763604 51.95861351855358),31.081683166052983,%,3.0454191337850234,kg/h,29.999999776482582,kPa,2.4209073334932327,precision,37.50346909976611,km/h,10.999999672174454,c,1.2959230356532014,l/h,757.0000056400895,u/min,1.2000000178813934,precision,2.7432939261198044,precision,355.45588399628514,deg,3.9423058680433427,g/s,2.9999999552965164,%,37.279546558856964,km/h,12.999999612569809,%,114.87021027392797,m,5e42ccb63965f3689459b871,9.308336270978382,2020-02-03T17:11:48Z,2020-02-03T17:29:25Z,car,1999,Fusion SEL Ecoboost,5de3dba044ea85025c07072e,gasoline,2019,Ford,"Version 1.0.2 (38), 30.11.79 00:00",2013-10-01,,,,,,,6236877365,21518914,50
165,5e42ccb63965f3689459b919,2020-02-03T17:25:47,POINT (7.602744880447619 51.95898950100872),31.39308128318629,%,3.1740117385412745,kg/h,31.0,kPa,1.6392354130744933,precision,23.56861130923494,km/h,11.000000327825546,c,1.350643292996287,l/h,763.5138121843338,u/min,1.0,precision,1.9392354130744933,precision,356.4254994390358,deg,4.108769450902455,g/s,2.999999910593033,%,23.000000685453415,km/h,12.999999806284904,%,114.77164469684911,m,5e42ccb63965f3689459b871,9.308336270978382,2020-02-03T17:11:48Z,2020-02-03T17:29:25Z,car,1999,Fusion SEL Ecoboost,5de3dba044ea85025c07072e,gasoline,2019,Ford,"Version 1.0.2 (38), 30.11.79 00:00",2013-10-01,,,,,,,21518914,6236877366,50
166,5e42ccb63965f3689459b91b,2020-02-03T17:25:52,POINT (7.602729211124434 51.9591408818487),30.81307230226355,%,3.0717400401316417,kg/h,30.0,kPa,1.8123092532157896,precision,0.8880683240934957,km/h,11.000000327825546,c,1.3071234213326135,l/h,763.5425908863544,u/min,1.1178026437759399,precision,2.1712105751037596,precision,355.6216324680554,deg,3.9763783746455874,g/s,3.384065270423889,%,0.0,km/h,13.000000387430191,%,114.31963689262778,m,5e42ccb63965f3689459b871,9.308336270978382,2020-02-03T17:11:48Z,2020-02-03T17:29:25Z,car,1999,Fusion SEL Ecoboost,5de3dba044ea85025c07072e,gasoline,2019,Ford,"Version 1.0.2 (38), 30.11.79 00:00",2013-10-01,,,,,,,6236877366,6431124736,50
167,5e42ccb63965f3689459b91c,2020-02-03T17:25:57,POINT (7.602729437703428 51.95914243035181),45.023343251377014,%,10.925398580738452,kg/h,49.73934908211231,kPa,1.8955823302268984,precision,0.0,km/h,12.0,c,4.649105779037639,l/h,1643.7394204158336,u/min,1.152208834886551,precision,2.247791165113449,precision,355.62164306640625,deg,14.142967205314086,g/s,4.0,%,0.0,km/h,15.526190012693405,%,114.50153724381413,m,5e42ccb63965f3689459b871,9.308336270978382,2020-02-03T17:11:48Z,2020-02-03T17:29:25Z,car,1999,Fusion SEL Ecoboost,5de3dba044ea85025c07072e,gasoline,2019,Ford,"Version 1.0.2 (38), 30.11.79 00:00",2013-10-01,,,,,,,6431124736,21518913,50
168,5e42ccb63965f3689459b91d,2020-02-03T17:26:02,POINT (7.602698676508187 51.9593163042151),84.4510223369698,%,26.206483074775264,kg/h,84.0,kPa,1.3291370183229447,precision,25.659421464080424,km/h,9.00000013411045,c,11.151694925436281,l/h,2310.1060280799866,u/min,1.0430456548929214,precision,1.7291370064020157,precision,356.18358763476135,deg,33.92438527108762,g/s,2.554884195327759,%,26.645651802420616,km/h,27.20408123731613,%,114.12635875586938,m,5e42ccb63965f3689459b871,9.308336270978382,2020-02-03T17:11:48Z,2020-02-03T17:29:25Z,car,1999,Fusion SEL Ecoboost,5de3dba044ea85025c07072e,gasoline,2019,Ford,"Version 1.0.2 (38), 30.11.79 00:00",2013-10-01,,,,,,,21518913,6431124755,50
169,5e42ccb63965f3689459b91e,2020-02-03T17:26:07,POINT (7.602655272970264 51.95979709183395),76.44787192188937,%,16.085216136686416,kg/h,73.923274487257,kPa,1.6628713369369508,precision,41.85486658064792,km/h,10.450980693101883,c,6.844772824121879,l/h,1619.4809191673994,u/min,1.1000000327825548,precision,1.9628713458776472,precision,357.4629679628051,deg,20.8223693287141,g/s,3.0,%,43.73086550831795,km/h,21.64432990550995,%,113.90143670151912,m,5e42ccb63965f3689459b871,9.308336270978382,2020-02-03T17:11:48Z,2020-02-03T17:29:25Z,car,1999,Fusion SEL Ecoboost,5de3dba044ea85025c07072e,gasoline,2019,Ford,"Version 1.0.2 (38), 30.11.79 00:00",2013-10-01,,,,,,,6431124755,6431124738,50
170,5e42ccb63965f3689459b91f,2020-02-03T17:26:12,POINT (7.602617784300406 51.96038666634529),73.44309388379307,%,15.931977890972107,kg/h,65.90909196436405,kPa,1.3999999582767486,precision,49.474374922468996,km/h,10.584725856781006,c,6.77956505998813,l/h,1799.945107460022,u/min,0.9259333729743958,precision,1.6999999493360518,precision,357.9938511250366,deg,20.62400187623889,g/s,3.0,%,52.07692465186119,km/h,18.19346046447754,%,113.6004728686554,m,5e42ccb63965f3689459b871,9.308336270978382,2020-02-03T17:11:48Z,2020-02-03T17:29:25Z,car,1999,Fusion SEL Ecoboost,5de3dba044ea85025c07072e,gasoline,2019,Ford,"Version 1.0.2 (38), 30.11.79 00:00",2013-10-01,,,,,,,6431124738,122375084,50
171,5e42ccb63965f3689459b920,2020-02-03T17:26:17,POINT (7.602588679652994 51.96104114688706),24.937994811368526,%,5.688978288870342,kg/h,24.0,kPa,2.2694164991378782,precision,50.67169026992633,km/h,10.000000074505806,c,2.4208418250512094,l/h,1761.416267991066,u/min,1.1,precision,2.484708249568939,precision,358.82192244926046,deg,7.3644025686245325,g/s,3.0,%,50.99999886006117,km/h,14.000000208616257,%,113.54053994519745,m,5e42ccb63965f3689459b871,9.308336270978382,2020-02-03T17:11:48Z,2020-02-03T17:29:25Z,car,1999,Fusion SEL Ecoboost,5de3dba044ea85025c07072e,gasoline,2019,Ford,"Version 1.0.2 (38), 30.11.79 00:00",2013-10-01,,,,,,,122375084,21518912,50
172,5e42ccb63965f3689459b921,2020-02-03T17:26:22,POINT (7.602554227822375 51.96167068733874),25.115615366967035,%,5.607023594239543,kg/h,24.759563207626343,kPa,2.333952994644642,precision,48.53473543495974,km/h,10.999999672174454,c,2.3859674869104435,l/h,1688.72707721591,u/min,1.455968664586544,precision,2.7266144365072247,precision,356.4029293622657,deg,7.258311925805478,g/s,2.0806773379445076,%,49.0000014603138,km/h,13.999999687075615,%,113.19832137838986,m,5e42ccb63965f3689459b871,9.308336270978382,2020-02-03T17:11:48Z,2020-02-03T17:29:25Z,car,1999,Fusion SEL Ecoboost,5de3dba044ea85025c07072e,gasoline,2019,Ford,"Version 1.0.2 (38), 30.11.79 00:00",2013-10-01,,,,,,,21518912,6242379416,50
173,5e42ccb63965f3689459b922,2020-02-03T17:26:27,POINT (7.602425708378401 51.96228341786505),28.68704250508756,%,6.745521655180742,kg/h,29.968136429786682,kPa,1.306353861093521,precision,48.092943328261555,km/h,10.89928025007248,c,2.870434746885422,l/h,1677.9225056171417,u/min,0.9,precision,1.6,precision,350.1001048942194,deg,8.732101702921026,g/s,3.0000000335276127,%,48.9999985396862,km/h,15.0,%,112.89343259881204,m,5e42ccb63965f3689459b871,9.308336270978382,2020-02-03T17:11:48Z,2020-02-03T17:29:25Z,car,1999,Fusion SEL Ecoboost,5de3dba044ea85025c07072e,gasoline,2019,Ford,"Version 1.0.2 (38), 30.11.79 00:00",2013-10-01,,,,,,,6242379416,401163793,50
174,5e42ccb63965f3689459b923,2020-02-03T17:26:32,POINT (7.602218275352818 51.962901381994),69.26728195473106,%,16.418607028802068,kg/h,68.58947163820267,kPa,1.3703125,precision,50.2827334181809,km/h,10.000000298023224,c,6.986641288851943,l/h,1778.761904835701,u/min,0.9000000000000001,precision,1.58515625,precision,347.5796695902227,deg,21.253945020795012,g/s,3.0,%,51.3284472823143,km/h,19.902965262532234,%,112.90855441034338,m,5e42ccb63965f3689459b871,9.308336270978382,2020-02-03T17:11:48Z,2020-02-03T17:29:25Z,car,1999,Fusion SEL Ecoboost,5de3dba044ea85025c07072e,gasoline,2019,Ford,"Version 1.0.2 (38), 30.11.79 00:00",2013-10-01,,,,,,,401163793,21518911,50
175,5e42ccb63965f3689459b924,2020-02-03T17:26:37,POINT (7.601976581832533 51.96355861602047),38.221926436704734,%,9.34164912350573,kg/h,37.631460666656494,kPa,1.5741871446371078,precision,52.84719891124098,km/h,9.999999925494194,c,3.975169839789672,l/h,1844.639241874218,u/min,1.074187159538269,precision,1.874187135696411,precision,347.5453166275238,deg,12.092797916793499,g/s,2.9999999552965164,%,54.00000120699406,km/h,16.323008835315704,%,113.03778095489002,m,5e42ccb63965f3689459b871,9.308336270978382,2020-02-03T17:11:48Z,2020-02-03T17:29:25Z,car,1999,Fusion SEL Ecoboost,5de3dba044ea85025c07072e,gasoline,2019,Ford,"Version 1.0.2 (38), 30.11.79 00:00",2013-10-01,,,,,,,21518911,401163801,50
176,5e42ccb63965f3689459b925,2020-02-03T17:26:43,POINT (7.601769048959875 51.96419720982069),32.15686464543438,%,3.1693235695719846,kg/h,31.0,kPa,1.363914331793785,precision,48.62415644129703,km/h,10.999999672174454,c,1.3486483274774401,l/h,762.386063568294,u/min,0.9360855996608735,precision,1.6639143228530884,precision,350.7662060268103,deg,4.102700599546996,g/s,3.000000089406967,%,48.25555557012558,km/h,13.000000387430191,%,113.26529622628192,m,5e42ccb63965f3689459b871,9.308336270978382,2020-02-03T17:11:48Z,2020-02-03T17:29:25Z,car,1999,Fusion SEL Ecoboost,5de3dba044ea85025c07072e,gasoline,2019,Ford,"Version 1.0.2 (38), 30.11.79 00:00",2013-10-01,,,,,,,21518911,401163801,50
177,5e42ccb63965f3689459b926,2020-02-03T17:26:48,POINT (7.601702782520512 51.96471351388309),31.764706249622733,%,3.1611493965635327,kg/h,31.0,kPa,1.692079210281372,precision,32.63210922721777,km/h,10.999999836087227,c,1.3451699559844819,l/h,760.419753074646,u/min,1.0,precision,1.9920792102813722,precision,358.1497848589406,deg,4.092119103601125,g/s,2.465551108121872,%,29.782722532749176,km/h,13.0,%,113.5350129645565,m,5e42ccb63965f3689459b871,9.308336270978382,2020-02-03T17:11:48Z,2020-02-03T17:29:25Z,car,1999,Fusion SEL Ecoboost,5de3dba044ea85025c07072e,gasoline,2019,Ford,"Version 1.0.2 (38), 30.11.79 00:00",2013-10-01,,,,,,,401163801,60676690,50
178,5e42ccb63965f3689459b927,2020-02-03T17:26:53,POINT (7.601700169348174 51.96483595957651),30.588235513252364,%,3.0227341994029207,kg/h,30.000000447034836,kPa,1.8526987254619596,precision,1.1459867872225828,km/h,11.999999642372131,c,1.2862698720863492,l/h,754.0054347515106,u/min,1.0473012745380403,precision,2.1,precision,358.4834182714394,deg,3.9129401400426818,g/s,2.999999910593033,%,0.0,km/h,13.0,%,113.5151525837959,m,5e42ccb63965f3689459b871,9.308336270978382,2020-02-03T17:11:48Z,2020-02-03T17:29:25Z,car,1999,Fusion SEL Ecoboost,5de3dba044ea85025c07072e,gasoline,2019,Ford,"Version 1.0.2 (38), 30.11.79 00:00",2013-10-01,,,,,,,60676690,6242379409,50
179,5e42ccb63965f3689459b928,2020-02-03T17:26:58,POINT (7.601700169348174 51.9648359595765),31.372548122032015,%,3.011477132139215,kg/h,30.000000447034836,kPa,2.1636091083288194,precision,0.0,km/h,12.000000357627869,c,1.2814796306975382,l/h,751.1974193453789,u/min,1.1636091381311418,precision,2.4636090993881226,precision,358.4834182714394,deg,3.898367826551136,g/s,2.999999910593033,%,0.0,km/h,13.0,%,113.44499881486881,m,5e42ccb63965f3689459b871,9.308336270978382,2020-02-03T17:11:48Z,2020-02-03T17:29:25Z,car,1999,Fusion SEL Ecoboost,5de3dba044ea85025c07072e,gasoline,2019,Ford,"Version 1.0.2 (38), 30.11.79 00:00",2013-10-01,,,,,,,6242379409,6236877368,50
180,5e42ccb63965f3689459b929,2020-02-03T17:27:03,POINT (7.6017003958965 51.96483750824935),30.98039291769851,%,3.0150196682902135,kg/h,30.000000223517418,kPa,1.5694586783647537,precision,0.0,km/h,12.000000357627869,c,1.2829870928894525,l/h,752.0810922980309,u/min,1.0000000298023224,precision,1.8694586873054506,precision,358.4834289550781,deg,3.902953652160788,g/s,3.0,%,0.0,km/h,12.999999612569809,%,113.4393052027061,m,5e42ccb63965f3689459b871,9.308336270978382,2020-02-03T17:11:48Z,2020-02-03T17:29:25Z,car,1999,Fusion SEL Ecoboost,5de3dba044ea85025c07072e,gasoline,2019,Ford,"Version 1.0.2 (38), 30.11.79 00:00",2013-10-01,,,,,,,6236877368,3202352228,50
181,5e42ccb63965f3689459b92a,2020-02-03T17:27:08,POINT (7.6017003958965 51.96483750824935),31.37254835577572,%,3.039807554811345,kg/h,30.00000089406967,kPa,1.754801219701767,precision,0.0,km/h,12.000000357627869,c,1.2935351297069553,l/h,758.2642856836319,u/min,1.0258002251386642,precision,2.029001033306122,precision,358.4834289550781,deg,3.9350416591627,g/s,3.0,%,0.0,km/h,13.0,%,113.40781275759915,m,5e42ccb63965f3689459b871,9.308336270978382,2020-02-03T17:11:48Z,2020-02-03T17:29:25Z,car,1999,Fusion SEL Ecoboost,5de3dba044ea85025c07072e,gasoline,2019,Ford,"Version 1.0.2 (38), 30.11.79 00:00",2013-10-01,,,,,,,3202352228,6242379407,50
182,5e42ccb63965f3689459b92b,2020-02-03T17:27:13,POINT (7.6017003958965 51.96483750824935),31.372549524494246,%,3.066515352958964,kg/h,30.6649067401886,kPa,2.034611536562443,precision,0.0,km/h,12.0,c,1.304900150195304,l/h,748.340540766716,u/min,1.0163471385836602,precision,2.250958663225174,precision,358.4834289550781,deg,3.969614998573298,g/s,3.0,%,0.0,km/h,12.999999673105776,%,113.39244089364668,m,5e42ccb63965f3689459b871,9.308336270978382,2020-02-03T17:11:48Z,2020-02-03T17:29:25Z,car,1999,Fusion SEL Ecoboost,5de3dba044ea85025c07072e,gasoline,2019,Ford,"Version 1.0.2 (38), 30.11.79 00:00",2013-10-01,,,,,,,6242379407,6236877370,50
183,5e42ccb63965f3689459b92c,2020-02-03T17:27:18,POINT (7.601700225985256 51.96483634674473),31.372549524494246,%,3.116670592871897,kg/h,30.722222208976746,kPa,2.065897631645203,precision,0.0,km/h,11.999999821186066,c,1.326242805477403,l/h,759.1612902283669,u/min,1.186359041929245,precision,2.3658976227045057,precision,358.4834209423491,deg,4.03454113449605,g/s,2.9999999329447746,%,0.0,km/h,13.000000157393515,%,113.3873508962661,m,5e42ccb63965f3689459b871,9.308336270978382,2020-02-03T17:11:48Z,2020-02-03T17:29:25Z,car,1999,Fusion SEL Ecoboost,5de3dba044ea85025c07072e,gasoline,2019,Ford,"Version 1.0.2 (38), 30.11.79 00:00",2013-10-01,,,,,,,6236877370,6236877369,50
184,5e42ccb63965f3689459b92d,2020-02-03T17:27:23,POINT (7.601700537489203 51.96483847616988),30.980393263931376,%,3.010685633734927,kg/h,30.000000670552254,kPa,1.599900302453898,precision,0.0,km/h,12.0,c,1.2811428228659263,l/h,750.9999776184559,u/min,1.1997008998179808,precision,1.9997009014943614,precision,358.4834356323523,deg,3.8973432290600534,g/s,3.0000000558793545,%,0.0,km/h,13.0,%,113.36281788310457,m,5e42ccb63965f3689459b871,9.308336270978382,2020-02-03T17:11:48Z,2020-02-03T17:29:25Z,car,1999,Fusion SEL Ecoboost,5de3dba044ea85025c07072e,gasoline,2019,Ford,"Version 1.0.2 (38), 30.11.79 00:00",2013-10-01,,,,,,,6236877369,21518910,50
185,5e42ccb63965f3689459b92e,2020-02-03T17:27:28,POINT (7.601700339259418 51.96483712108115),31.372549057006836,%,3.1128504001382935,kg/h,30.727026104927063,kPa,1.1907723434269426,precision,0.0,km/h,12.0,c,1.32461719154821,l/h,758.1122222840786,u/min,0.8000000178813934,precision,1.4000000312924386,precision,358.48342628416844,deg,4.0295958814556165,g/s,1.9999999850988388,%,0.0,km/h,13.000000290572643,%,113.31821849606412,m,5e42ccb63965f3689459b871,9.308336270978382,2020-02-03T17:11:48Z,2020-02-03T17:29:25Z,car,1999,Fusion SEL Ecoboost,5de3dba044ea85025c07072e,gasoline,2019,Ford,"Version 1.0.2 (38), 30.11.79 00:00",2013-10-01,,,,,,,21518910,5472867409,50
186,5e42ccb63965f3689459b92f,2020-02-03T17:27:33,POINT (7.601700282622337 51.96483673391293),30.98505053256034,%,3.0433737650739587,kg/h,30.000000447034836,kPa,1.4398010373115537,precision,0.0,km/h,12.0,c,1.2950526659889185,l/h,759.1538687646389,u/min,1.0000000298023224,precision,1.7398010462522506,precision,358.48342361325876,deg,3.939658130993789,g/s,1.9999999701976776,%,0.0,km/h,13.000000193715096,%,113.2696504252895,m,5e42ccb63965f3689459b871,9.308336270978382,2020-02-03T17:11:48Z,2020-02-03T17:29:25Z,car,1999,Fusion SEL Ecoboost,5de3dba044ea85025c07072e,gasoline,2019,Ford,"Version 1.0.2 (38), 30.11.79 00:00",2013-10-01,,,,,,,21518910,5472867409,50
187,5e42ccb63965f3689459b930,2020-02-03T17:27:39,POINT (7.601700169348174 51.96483595957652),31.37254929075054,%,3.09550476324495,kg/h,30.78688570857048,kPa,1.640198016166687,precision,0.0,km/h,12.000000357627869,c,1.3172360694659362,l/h,752.4220184087753,u/min,1.0350495040416718,precision,1.9401980161666872,precision,358.4834182714394,deg,4.007141892987833,g/s,3.335643470287323,%,0.0,km/h,13.0,%,113.12698732446057,m,5e42ccb63965f3689459b871,9.308336270978382,2020-02-03T17:11:48Z,2020-02-03T17:29:25Z,car,1999,Fusion SEL Ecoboost,5de3dba044ea85025c07072e,gasoline,2019,Ford,"Version 1.0.2 (38), 30.11.79 00:00",2013-10-01,,,,,,,5472867409,33846175,50
188,5e42ccb63965f3689459b931,2020-02-03T17:27:44,POINT (7.601700395896501 51.96483750824935),31.372549057006836,%,3.047474346308862,kg/h,30.000000447034836,kPa,1.2303823292255402,precision,0.0,km/h,12.000000357627869,c,1.2967975941739838,l/h,760.1767385303974,u/min,0.8565392613410949,precision,1.4869215726852416,precision,358.4834289550781,deg,3.94496634794344,g/s,4.0,%,0.0,km/h,13.0,%,113.38956931902467,m,5e42ccb63965f3689459b871,9.308336270978382,2020-02-03T17:11:48Z,2020-02-03T17:29:25Z,car,1999,Fusion SEL Ecoboost,5de3dba044ea85025c07072e,gasoline,2019,Ford,"Version 1.0.2 (38), 30.11.79 00:00",2013-10-01,,,,,,,5472867409,33846175,50
189,5e42ccb63965f3689459b932,2020-02-03T17:27:49,POINT (7.601700622444826 51.96483905692219),31.356816912381873,%,3.0360219603490846,kg/h,30.000000447034836,kPa,2.04904904961586,precision,0.0,km/h,12.000000357627869,c,1.291924238446419,l/h,757.3199999928474,u/min,1.2,precision,2.4,precision,358.48343963871685,deg,3.93014119370721,g/s,4.0000001192092896,%,0.0,km/h,13.000000193715096,%,113.2960464053408,m,5e42ccb63965f3689459b871,9.308336270978382,2020-02-03T17:11:48Z,2020-02-03T17:29:25Z,car,1999,Fusion SEL Ecoboost,5de3dba044ea85025c07072e,gasoline,2019,Ford,"Version 1.0.2 (38), 30.11.79 00:00",2013-10-01,,,,,,,5472867409,33846175,50
190,5e42ccb63965f3689459b933,2020-02-03T17:27:54,POINT (7.601700622444826 51.96483905692219),31.372548589519425,%,3.075116670890806,kg/h,30.0,kPa,2.1000000625848774,precision,0.0,km/h,11.999999642372131,c,1.3085602854854492,l/h,767.0719831585884,u/min,1.2000000357627867,precision,2.4000000715255734,precision,358.48343963871685,deg,3.9807494351371933,g/s,3.000000089406967,%,0.0,km/h,13.0,%,113.0961694717813,m,5e42ccb63965f3689459b871,9.308336270978382,2020-02-03T17:11:48Z,2020-02-03T17:29:25Z,car,1999,Fusion SEL Ecoboost,5de3dba044ea85025c07072e,gasoline,2019,Ford,"Version 1.0.2 (38), 30.11.79 00:00",2013-10-01,,,,,,,5472867409,33846175,50
191,5e42ccb63965f3689459b934,2020-02-03T17:27:59,POINT (7.601697841180037 51.96489138438593),62.01153386797597,%,18.000277703343908,kg/h,60.26201927661896,kPa,1.7421471714973449,precision,13.689520993144697,km/h,12.000000178813934,c,7.659692639720811,l/h,2235.2767651975155,u/min,1.134592479467392,precision,2.1075547367334364,precision,359.5114609929451,deg,23.301423317750686,g/s,2.999999910593033,%,16.808398962020874,km/h,20.188171446323395,%,113.04287748515065,m,5e42ccb63965f3689459b871,9.308336270978382,2020-02-03T17:11:48Z,2020-02-03T17:29:25Z,car,1999,Fusion SEL Ecoboost,5de3dba044ea85025c07072e,gasoline,2019,Ford,"Version 1.0.2 (38), 30.11.79 00:00",2013-10-01,,,,,,,33846175,3268457415,50
192,5e42ccb63965f3689459b935,2020-02-03T17:28:04,POINT (7.601641567705594 51.96517459356627),46.034157040901846,%,11.176040249856719,kg/h,45.29156011343002,kPa,1.2722331643104554,precision,25.86994955742091,km/h,12.000000357627869,c,4.755761808449668,l/h,1846.5728902816772,u/min,1.0722331702709198,precision,1.6722331523895264,precision,319.9694899104052,deg,14.467423734787925,g/s,2.297725021839142,%,26.384210526943207,km/h,18.0,%,113.29672032924702,m,5e42ccb63965f3689459b871,9.308336270978382,2020-02-03T17:11:48Z,2020-02-03T17:29:25Z,car,1999,Fusion SEL Ecoboost,5de3dba044ea85025c07072e,gasoline,2019,Ford,"Version 1.0.2 (38), 30.11.79 00:00",2013-10-01,,,,,,,3268457415,6425072711,50
193,5e42ccb63965f3689459b936,2020-02-03T17:28:09,POINT (7.601011538841491 51.96516032763352),26.727894745906696,%,4.0464991987375765,kg/h,24.843903183937073,kPa,1.9970102518796922,precision,37.97997232840066,km/h,10.999999672174454,c,1.7219145526542876,l/h,1214.5899766683578,u/min,1.9757731378078458,precision,2.8818555861711506,precision,250.09596487578574,deg,5.238207562053731,g/s,3.9999999403953552,%,39.00000116229057,km/h,13.125261157751083,%,114.44699979750337,m,5e42ccb63965f3689459b871,9.308336270978382,2020-02-03T17:11:48Z,2020-02-03T17:29:25Z,car,1999,Fusion SEL Ecoboost,5de3dba044ea85025c07072e,gasoline,2019,Ford,"Version 1.0.2 (38), 30.11.79 00:00",2013-10-01,,,,,,,6425072711,6425072705,50
194,5e42ccb63965f3689459b937,2020-02-03T17:28:14,POINT (7.600307874225442 51.96505237196887),30.588236766703005,%,3.075322448767105,kg/h,30.000000447034836,kPa,1.291650089621544,precision,32.79163467771309,km/h,11.999999642372131,c,1.3086478505391936,l/h,767.1233019568026,u/min,1.2999999903142452,precision,1.7999999865889549,precision,259.96056244673855,deg,3.9810158153277717,g/s,6.000000089406967,%,32.15861973166466,km/h,13.0,%,115.21348410480118,m,5e42ccb63965f3689459b871,9.308336270978382,2020-02-03T17:11:48Z,2020-02-03T17:29:25Z,car,1999,Fusion SEL Ecoboost,5de3dba044ea85025c07072e,gasoline,2019,Ford,"Version 1.0.2 (38), 30.11.79 00:00",2013-10-01,,,,,,,6425072705,5474291175,50
195,5e42ccb63965f3689459b938,2020-02-03T17:28:19,POINT (7.599851249077103 51.96502340642385),30.588236310902772,%,3.025175604432538,kg/h,29.999999664723873,kPa,1.8065990049391984,precision,13.708413840192918,km/h,12.000000357627869,c,1.2873087678436332,l/h,754.6144521981478,u/min,1.8039594110101462,precision,2.507918809726834,precision,267.34854772515115,deg,3.9161005475109856,g/s,3.0089464047923684,%,10.473430097103119,km/h,13.000000387430191,%,114.68967886182675,m,5e42ccb63965f3689459b871,9.308336270978382,2020-02-03T17:11:48Z,2020-02-03T17:29:25Z,car,1999,Fusion SEL Ecoboost,5de3dba044ea85025c07072e,gasoline,2019,Ford,"Version 1.0.2 (38), 30.11.79 00:00",2013-10-01,,,,,,,5474291175,945921131,50
196,5e42ccb63965f3689459b939,2020-02-03T17:28:24,POINT (7.599811849214809 51.96502144823425),31.107490300432914,%,2.9736546522221228,kg/h,30.000000447034836,kPa,2.333367504924536,precision,0.0,km/h,12.636363625526428,c,1.2653849583923926,l/h,743.4181735031307,u/min,1.5095189690589905,precision,2.7619243204593658,precision,267.96920976019805,deg,3.8494064921761906,g/s,3.000000022351742,%,0.0,km/h,13.0,%,114.76270845834489,m,5e42ccb63965f3689459b871,9.308336270978382,2020-02-03T17:11:48Z,2020-02-03T17:29:25Z,car,1999,Fusion SEL Ecoboost,5de3dba044ea85025c07072e,gasoline,2019,Ford,"Version 1.0.2 (38), 30.11.79 00:00",2013-10-01,,,,,,,945921131,5512269043,50
197,5e42ccb63965f3689459b93a,2020-02-03T17:28:29,POINT (7.599779929045062 51.96502224307099),85.36387469757733,%,18.87989806172027,kg/h,84.19902920722961,kPa,1.827430859208107,precision,6.847176347723007,km/h,12.000000357627869,c,8.033999175200114,l/h,1677.9860255736858,u/min,1.5274308681488038,precision,2.410132992267609,precision,266.87229195276905,deg,24.44009499089001,g/s,3.5653966069221497,%,11.292682766914368,km/h,23.711864411830902,%,114.93620345130944,m,5e42ccb63965f3689459b871,9.308336270978382,2020-02-03T17:11:48Z,2020-02-03T17:29:25Z,car,1999,Fusion SEL Ecoboost,5de3dba044ea85025c07072e,gasoline,2019,Ford,"Version 1.0.2 (38), 30.11.79 00:00",2013-10-01,,,,,,,5512269043,4932702977,50
198,5e42ccb63965f3689459b93b,2020-02-03T17:28:35,POINT (7.599269007122817 51.96501909430118),26.90918539945801,%,4.900118071826993,kg/h,24.410256929695606,kPa,1.2696463644504548,precision,31.798537072584622,km/h,10.0,c,2.0851566263093586,l/h,1491.6713981702924,u/min,1.391060906648636,precision,1.8607072710990906,precision,271.11901618681804,deg,6.34322022028526,g/s,4.0,%,32.33544400334358,km/h,15.244680881500244,%,115.1395905447782,m,5e42ccb63965f3689459b871,9.308336270978382,2020-02-03T17:11:48Z,2020-02-03T17:29:25Z,car,1999,Fusion SEL Ecoboost,5de3dba044ea85025c07072e,gasoline,2019,Ford,"Version 1.0.2 (38), 30.11.79 00:00",2013-10-01,,,,,,,4932702977,4502646832,50
199,5e42ccb63965f3689459b93c,2020-02-03T17:28:40,POINT (7.598547047119673 51.96501540828365),27.509589362200984,%,4.713495944240875,kg/h,25.22737744450569,kPa,1.3489960283041,precision,38.808194683911665,km/h,10.072681479156017,c,2.005742954996117,l/h,1388.7416646778584,u/min,0.9489960163831711,precision,1.6112450331449508,precision,269.5550552082914,deg,6.101637214344437,g/s,2.999999910593033,%,39.75311720371246,km/h,14.902612492442131,%,115.32292839172383,m,5e42ccb63965f3689459b871,9.308336270978382,2020-02-03T17:11:48Z,2020-02-03T17:29:25Z,car,1999,Fusion SEL Ecoboost,5de3dba044ea85025c07072e,gasoline,2019,Ford,"Version 1.0.2 (38), 30.11.79 00:00",2013-10-01,,,,,,,4502646832,268071671,50
200,5e42ccb63965f3689459b93d,2020-02-03T17:28:45,POINT (7.597806633244129 51.96500970803048),23.915409336270216,%,4.8621606279005976,kg/h,23.848166823387146,kPa,2.0122388124465944,precision,33.961668143017164,km/h,12.000000178813934,c,2.0690045225108924,l/h,1525.7032794952393,u/min,2.4407960414886474,precision,3.1887562394142153,precision,269.09749625522,deg,6.294084174521677,g/s,3.9999998807907104,%,33.99999898672104,km/h,13.999999739229679,%,115.52747905230139,m,5e42ccb63965f3689459b871,9.308336270978382,2020-02-03T17:11:48Z,2020-02-03T17:29:25Z,car,1999,Fusion SEL Ecoboost,5de3dba044ea85025c07072e,gasoline,2019,Ford,"Version 1.0.2 (38), 30.11.79 00:00",2013-10-01,,,,,,,268071671,5512269048,50
201,5e42ccb63965f3689459b93e,2020-02-03T17:28:50,POINT (7.597191286425139 51.964997743743),32.23799868351185,%,5.141985335632689,kg/h,31.7789471372962,kPa,1.4999999552965164,precision,26.761627197535745,km/h,12.0,c,2.188078866226676,l/h,1210.840970337391,u/min,1.3430483639240265,precision,2.043048343062401,precision,267.87186092825687,deg,6.656318250967067,g/s,3.4454732537269592,%,26.999999195337296,km/h,15.259154915809631,%,115.4295958267368,m,5e42ccb63965f3689459b871,9.308336270978382,2020-02-03T17:11:48Z,2020-02-03T17:29:25Z,car,1999,Fusion SEL Ecoboost,5de3dba044ea85025c07072e,gasoline,2019,Ford,"Version 1.0.2 (38), 30.11.79 00:00",2013-10-01,,,,,,,5512269048,5512269050,50
202,5e42ccb63965f3689459b93f,2020-02-03T17:28:55,POINT (7.596588580954894 51.96500132518667),30.71502967508991,%,5.362532872969307,kg/h,29.53050398826599,kPa,1.4393034428358078,precision,30.173552171489177,km/h,12.0,c,2.281928882114599,l/h,1358.923117429018,u/min,1.9169153571128845,precision,2.4910446971654894,precision,273.5921392243763,deg,6.941817820132785,g/s,3.367000102996826,%,30.0,km/h,14.999999552965164,%,115.42346350520327,m,5e42ccb63965f3689459b871,9.308336270978382,2020-02-03T17:11:48Z,2020-02-03T17:29:25Z,car,1999,Fusion SEL Ecoboost,5de3dba044ea85025c07072e,gasoline,2019,Ford,"Version 1.0.2 (38), 30.11.79 00:00",2013-10-01,,,,,,,5512269050,5512269049,50
203,5e42ccb63965f3689459b940,2020-02-03T17:29:00,POINT (7.595936426725089 51.96504007680178),57.04780830573236,%,12.651749395675305,kg/h,56.28455378115177,kPa,1.650455927848816,precision,35.060800488120776,km/h,11.60597825050354,c,5.383723147095874,l/h,1679.7962460517883,u/min,1.2504559278488159,precision,2.075683891773224,precision,275.7906172565108,deg,16.377734457061237,g/s,2.7384616136550903,%,37.53684210777283,km/h,16.78674352169037,%,115.54577799163607,m,5e42ccb63965f3689459b871,9.308336270978382,2020-02-03T17:11:48Z,2020-02-03T17:29:25Z,car,1999,Fusion SEL Ecoboost,5de3dba044ea85025c07072e,gasoline,2019,Ford,"Version 1.0.2 (38), 30.11.79 00:00",2013-10-01,,,,,,,5512269049,5512269051,50
204,5e42ccb63965f3689459b941,2020-02-03T17:29:05,POINT (7.595171614118939 51.96509090564787),84.81008849891964,%,18.109085805396095,kg/h,76.75821816921234,kPa,2.3102410063147545,precision,37.37039879469461,km/h,11.999999821186066,c,7.70599395974302,l/h,1765.4987721443176,u/min,1.6671687051653863,precision,2.8722892090678216,precision,276.6866667731297,deg,23.442275791701576,g/s,3.9999999403953552,%,38.30000001192093,km/h,26.50714335590601,%,115.72518277706277,m,5e42ccb63965f3689459b871,9.308336270978382,2020-02-03T17:11:48Z,2020-02-03T17:29:25Z,car,1999,Fusion SEL Ecoboost,5de3dba044ea85025c07072e,gasoline,2019,Ford,"Version 1.0.2 (38), 30.11.79 00:00",2013-10-01,,,,,,,5512269051,29041402,50
205,5e42ccb63965f3689459b942,2020-02-03T17:29:10,POINT (7.594332430578294 51.96514638976937),51.21356551837971,%,9.600139336349084,kg/h,49.749305099248886,kPa,2.3286306500434875,precision,40.725101164749844,km/h,11.999999642372131,c,4.085165675042163,l/h,1444.0635143965483,u/min,1.6821576379239558,precision,2.837551800906658,precision,275.7288163816554,deg,12.42741441395118,g/s,3.791013613343239,%,41.86756631731987,km/h,17.0,%,116.50826410019818,m,5e42ccb63965f3689459b871,9.308336270978382,2020-02-03T17:11:48Z,2020-02-03T17:29:25Z,car,1999,Fusion SEL Ecoboost,5de3dba044ea85025c07072e,gasoline,2019,Ford,"Version 1.0.2 (38), 30.11.79 00:00",2013-10-01,,,,,,,29041402,5512269052,50
206,5e42ccb63965f3689459b943,2020-02-03T17:29:15,POINT (7.593466547343575 51.96519774529605),35.804854527151974,%,6.828497135766716,kg/h,35.00000052154064,kPa,1.9976072035729886,precision,41.89150864473085,km/h,12.0,c,2.9057434620283895,l/h,1460.0000108778477,u/min,3.2940179875586177,precision,3.8934197897091507,precision,275.9594355721745,deg,8.839513756778864,g/s,3.999999936670065,%,42.20705756545067,km/h,16.0,%,117.26792143755453,m,5e42ccb63965f3689459b871,9.308336270978382,2020-02-03T17:11:48Z,2020-02-03T17:29:25Z,car,1999,Fusion SEL Ecoboost,5de3dba044ea85025c07072e,gasoline,2019,Ford,"Version 1.0.2 (38), 30.11.79 00:00",2013-10-01,,,,,,,5512269052,5512269053,50
207,5e42ccb63965f3689459b944,2020-02-03T17:29:20,POINT (7.592625345160008 51.96525465733892),26.351721609218885,%,4.5620191463639985,kg/h,25.02702744677663,kPa,1.9341389447450636,precision,39.591011704859454,km/h,12.0,c,1.9412847431336162,l/h,1364.0918432027102,u/min,2.0203423649072647,precision,2.777240642905235,precision,276.2358506210269,deg,5.905549962341055,g/s,4.000000029802322,%,40.000001192092896,km/h,14.000000417232513,%,117.82000489142774,m,5e42ccb63965f3689459b871,9.308336270978382,2020-02-03T17:11:48Z,2020-02-03T17:29:25Z,car,1999,Fusion SEL Ecoboost,5de3dba044ea85025c07072e,gasoline,2019,Ford,"Version 1.0.2 (38), 30.11.79 00:00",2013-10-01,,,,,,,5512269053,5512269054,50
208,5e42ccb63965f3689459b945,2020-02-03T17:29:25,POINT (7.591823222371572 51.96530573732579),40.9957168178247,%,7.6829258634481175,kg/h,39.49253737926483,kPa,2.1141716212034227,precision,41.08016429914346,km/h,11.0,c,3.2693301546587734,l/h,1450.7135494798422,u/min,1.42145706564188,precision,2.557085788249969,precision,276.1517295955655,deg,9.945574774651543,g/s,2.0,%,42.0,km/h,15.470914125442505,%,118.41806562534488,m,5e42ccb63965f3689459b871,9.308336270978382,2020-02-03T17:11:48Z,2020-02-03T17:29:25Z,car,1999,Fusion SEL Ecoboost,5de3dba044ea85025c07072e,gasoline,2019,Ford,"Version 1.0.2 (38), 30.11.79 00:00",2013-10-01,,,,,,,5512269054,1120249942,50
